epoch,loss,val_loss
0,0.4914703667163849,0.03338441997766495
1,0.08529059588909149,0.03346181660890579
2,0.031008562073111534,0.029781052842736244
3,0.04753289744257927,0.03124716319143772
